TRAIN_09454,TRAIN_11615,1,1,1,0,1,1,1,0,1,1
TRAIN_09334,TRAIN_21957,1,1,0,1,0,1,1,1,1,1
TRAIN_27290,TRAIN_08446,1,1,1,0,1,1,0,1,1,1
TRAIN_28999,TRAIN_11615,1,1,1,0,1,1,1,0,1,1
TRAIN_29023,TRAIN_19749,1,1,1,1,1,0,1,0,1,1
TRAIN_32456,TRAIN_17014,1,0,0,1,1,1,1,1,1,1
TRAIN_14089,TRAIN_16654,1,0,1,1,1,1,0,1,1,1
TRAIN_31952,TRAIN_15553,1,1,0,1,1,1,1,0,1,1
TRAIN_12119,TRAIN_31694,1,1,0,1,1,1,1,1,1,0
TRAIN_09958,TRAIN_12744,1,1,1,0,1,1,1,1,0,1
TRAIN_28710,TRAIN_32819,1,0,1,1,1,1,1,1,0,1
TRAIN_30150,TRAIN_16534,1,0,1,1,1,1,1,1,0,1
TRAIN_12431,TRAIN_32522,1,1,1,1,0,1,0,1,1,1
TRAIN_25344,TRAIN_17662,1,1,1,1,0,1,0,1,1,1
TRAIN_01440,TRAIN_21837,1,1,0,1,1,1,1,1,1,0
TRAIN_11807,TRAIN_16438,1,1,1,0,1,1,1,1,0,1
TRAIN_30415,TRAIN_32747,1,1,1,0,1,1,0,1,1,1
TRAIN_09286,TRAIN_21789,1,1,1,0,1,0,1,1,1,1
TRAIN_27942,TRAIN_09526,1,1,1,1,0,1,1,0,1,1
TRAIN_31710,TRAIN_32020,1,1,1,1,0,1,0,1,1,1
TRAIN_24960,TRAIN_32388,1,0,1,1,1,0,1,1,1,1
TRAIN_06892,TRAIN_31796,1,1,1,0,1,0,1,1,1,1
TRAIN_04656,TRAIN_20133,1,1,1,0,0,1,1,1,1,1
TRAIN_04368,TRAIN_19053,1,1,1,0,1,1,1,0,1,1
TRAIN_03576,TRAIN_17686,0,1,1,1,0,1,1,1,1,1
TRAIN_13705,TRAIN_32004,0,1,1,1,1,1,1,0,1,1
TRAIN_10894,TRAIN_19245,1,0,0,1,1,1,1,1,1,1
TRAIN_11759,TRAIN_31776,1,1,1,0,1,1,1,1,0,1
TRAIN_27290,TRAIN_19509,1,1,1,1,1,1,0,1,0,1
TRAIN_25416,TRAIN_32858,1,1,1,1,1,1,1,0,0,1
TRAIN_16151,TRAIN_16798,1,0,1,1,1,1,1,1,0,1
TRAIN_13536,TRAIN_31650,1,1,1,1,1,1,0,0,1,1
TRAIN_31900,TRAIN_32016,1,1,1,1,0,1,1,1,0,1
TRAIN_18741,TRAIN_32862,1,0,1,1,1,1,0,1,1,1
TRAIN_09550,TRAIN_19221,1,1,0,1,1,1,0,1,1,1
TRAIN_31602,TRAIN_32731,1,1,1,1,1,1,0,0,1,1
TRAIN_32260,TRAIN_17878,0,1,1,0,1,1,1,1,1,1
TRAIN_24744,TRAIN_20349,1,1,1,1,1,0,1,0,1,1
TRAIN_04272,TRAIN_21405,1,1,1,1,1,1,0,1,1,0
TRAIN_02448,TRAIN_32815,1,1,1,1,0,1,1,1,1,0
TRAIN_29838,TRAIN_31828,1,1,1,0,1,1,0,1,1,1
TRAIN_08950,TRAIN_17926,1,1,1,1,1,0,1,1,1,0
TRAIN_31892,TRAIN_20637,1,1,0,1,0,1,1,1,1,1
TRAIN_25922,TRAIN_16798,1,1,0,1,1,1,1,1,0,1
TRAIN_31780,TRAIN_19893,1,1,1,0,1,1,0,1,1,1
TRAIN_03024,TRAIN_16414,1,0,1,1,1,1,0,1,1,1
TRAIN_17638,TRAIN_19077,0,1,1,1,1,1,0,1,1,1
TRAIN_12696,TRAIN_21069,1,1,1,0,1,1,1,0,1,1
TRAIN_24552,TRAIN_18286,1,1,1,1,1,0,1,1,1,0
TRAIN_02352,TRAIN_20253,1,1,1,1,1,1,0,1,0,1
TRAIN_10198,TRAIN_17110,1,0,1,1,0,1,1,1,1,1
TRAIN_31606,TRAIN_17302,1,1,1,1,1,1,1,1,0,0
TRAIN_27810,TRAIN_19269,1,1,0,1,0,1,1,1,1,1
TRAIN_32216,TRAIN_14449,1,1,1,1,1,1,1,0,1,0
TRAIN_03096,TRAIN_11158,1,0,1,0,1,1,1,1,1,1
TRAIN_15505,TRAIN_18166,1,1,0,1,1,1,1,1,1,0
TRAIN_27882,TRAIN_16798,1,1,0,1,1,1,1,1,0,1
TRAIN_31698,TRAIN_15770,1,1,0,0,1,1,1,1,1,1
TRAIN_01800,TRAIN_16534,1,0,1,1,1,1,0,1,1,1
TRAIN_06460,TRAIN_16199,1,1,1,1,0,1,1,1,1,0
TRAIN_31384,TRAIN_21501,0,1,1,1,1,0,1,1,1,1
TRAIN_08878,TRAIN_19581,1,1,1,1,0,1,1,1,1,0
TRAIN_07844,TRAIN_16534,1,0,1,1,1,1,0,1,1,1
TRAIN_14737,TRAIN_15698,1,1,1,0,1,1,1,1,0,1
TRAIN_07100,TRAIN_32922,1,0,1,1,1,1,0,1,1,1
TRAIN_10438,TRAIN_32678,1,1,0,1,1,1,1,1,1,0
TRAIN_12840,TRAIN_31996,0,1,1,1,1,1,1,1,0,1
TRAIN_07916,TRAIN_32819,1,0,1,1,0,1,1,1,1,1
TRAIN_02376,TRAIN_16366,1,1,1,1,1,0,1,1,0,1
TRAIN_31628,TRAIN_32040,1,1,1,1,0,1,0,1,1,1
TRAIN_32140,TRAIN_15265,1,1,0,1,1,1,1,0,1,1
TRAIN_31944,TRAIN_32128,1,1,1,0,1,1,0,1,1,1
TRAIN_17998,TRAIN_21429,0,1,1,1,1,1,0,1,1,1
TRAIN_31000,TRAIN_10342,1,0,1,1,1,0,1,1,1,1
TRAIN_00000,TRAIN_22077,1,0,1,1,1,1,0,1,1,1
TRAIN_02664,TRAIN_31716,1,1,1,1,1,1,1,1,0,0
TRAIN_27502,TRAIN_31096,1,1,1,1,0,1,1,1,1,0
TRAIN_31688,TRAIN_16438,1,1,1,0,1,1,1,1,0,1
TRAIN_29095,TRAIN_32910,1,1,1,1,1,1,1,1,0,0
TRAIN_08590,TRAIN_32112,1,1,1,0,0,1,1,1,1,1
TRAIN_32472,TRAIN_18981,0,0,1,1,1,1,1,1,1,1
TRAIN_30727,TRAIN_21597,0,1,1,1,0,1,1,1,1,1
TRAIN_02112,TRAIN_16271,1,0,1,1,0,1,1,1,1,1
TRAIN_07148,TRAIN_31690,1,1,1,0,1,1,1,0,1,1
TRAIN_25754,TRAIN_09766,1,1,1,1,1,1,1,0,0,1
TRAIN_00360,TRAIN_21333,1,1,1,1,1,1,1,1,0,0
TRAIN_04224,TRAIN_20325,1,1,1,1,1,0,1,1,0,1
TRAIN_04848,TRAIN_15842,1,1,1,1,0,1,1,1,1,0
TRAIN_08854,TRAIN_21381,1,1,1,1,1,1,1,0,0,1
TRAIN_29304,TRAIN_14113,0,1,1,1,0,1,1,1,1,1
TRAIN_12912,TRAIN_22174,0,1,0,1,1,1,1,1,1,1
TRAIN_32504,TRAIN_20229,1,1,1,1,1,1,0,1,1,0
TRAIN_11999,TRAIN_16510,1,1,1,0,1,1,1,1,1,0
TRAIN_31680,TRAIN_19989,1,1,1,0,1,0,1,1,1,1
TRAIN_31072,TRAIN_21981,0,1,0,1,1,1,1,1,1,1
TRAIN_31764,TRAIN_32264,1,1,1,1,0,1,0,1,1,1
TRAIN_06292,TRAIN_16343,1,1,1,1,1,0,1,1,1,0
TRAIN_08036,TRAIN_32152,0,1,0,1,1,1,1,1,1,1
TRAIN_32004,TRAIN_18118,0,1,1,1,1,0,1,1,1,1
TRAIN_27502,TRAIN_32140,1,1,1,1,1,1,1,0,1,0
TRAIN_06820,TRAIN_18166,0,1,0,1,1,1,1,1,1,1
TRAIN_08542,TRAIN_32783,1,1,1,1,1,1,0,0,1,1
TRAIN_28518,TRAIN_29790,1,1,0,1,1,1,1,1,0,1
TRAIN_25440,TRAIN_21645,0,1,1,1,1,1,0,1,1,1
TRAIN_31654,TRAIN_32060,1,1,1,1,1,1,0,1,1,0
TRAIN_10510,TRAIN_31768,1,0,1,1,1,0,1,1,1,1
TRAIN_09982,TRAIN_16414,1,0,1,1,1,1,0,1,1,1
TRAIN_12071,TRAIN_32898,1,1,1,0,0,1,1,1,1,1
TRAIN_06196,TRAIN_21933,0,1,1,1,1,0,1,1,1,1
TRAIN_32500,TRAIN_32698,1,1,1,1,1,0,1,1,1,0
TRAIN_12479,TRAIN_31634,1,1,1,1,0,0,1,1,1,1
TRAIN_32296,TRAIN_16654,1,0,1,1,1,0,1,1,1,1
TRAIN_22680,TRAIN_20709,1,0,1,1,1,1,1,0,1,1
TRAIN_10222,TRAIN_13152,1,0,1,1,1,1,1,0,1,1
TRAIN_06844,TRAIN_21597,0,1,1,1,0,1,1,1,1,1
TRAIN_12768,TRAIN_21693,0,1,1,0,1,1,1,1,1,1
TRAIN_26330,TRAIN_32735,1,1,1,0,1,0,1,1,1,1
TRAIN_25440,TRAIN_20709,1,1,1,1,1,1,1,0,0,1
TRAIN_04728,TRAIN_32160,1,1,0,1,1,0,1,1,1,1
TRAIN_07460,TRAIN_27690,1,1,1,0,1,1,0,1,1,1
TRAIN_31732,TRAIN_16750,1,0,1,1,0,1,1,1,1,1
TRAIN_31630,TRAIN_31642,1,1,1,1,1,1,1,1,0,0
TRAIN_01992,TRAIN_17374,1,1,1,1,1,1,0,1,0,1
TRAIN_07820,TRAIN_21909,0,1,0,1,1,1,1,1,1,1
TRAIN_12431,TRAIN_32352,0,1,1,1,1,1,1,1,0,1
TRAIN_15457,TRAIN_18094,1,1,1,1,0,1,0,1,1,1
TRAIN_28038,TRAIN_31694,1,1,1,0,1,1,1,1,1,0
TRAIN_14785,TRAIN_16247,1,1,1,1,1,1,1,0,0,1
TRAIN_08036,TRAIN_32966,1,0,0,1,1,1,1,1,1,1
TRAIN_13272,TRAIN_31940,1,0,1,1,1,1,1,1,0,1
TRAIN_14185,TRAIN_20853,1,0,1,1,1,1,1,0,1,1
TRAIN_31312,TRAIN_09694,1,0,1,1,1,1,1,1,1,0
TRAIN_14593,TRAIN_17326,1,1,1,1,1,1,0,1,0,1
TRAIN_29567,TRAIN_15217,1,1,0,1,1,1,1,1,1,0
TRAIN_17038,TRAIN_32767,1,1,0,1,0,1,1,1,1,1
TRAIN_27338,TRAIN_17518,0,1,1,1,1,0,1,1,1,1
TRAIN_02952,TRAIN_15193,1,1,1,1,1,1,0,1,0,1
TRAIN_26810,TRAIN_11663,0,1,1,1,1,1,1,1,1,0
TRAIN_23280,TRAIN_32902,1,1,1,0,1,1,0,1,1,1
TRAIN_18813,TRAIN_32986,1,0,1,1,1,0,1,1,1,1
TRAIN_31120,TRAIN_31796,1,0,1,1,1,1,1,0,1,1
TRAIN_30342,TRAIN_09382,1,1,1,1,0,1,1,0,1,1
TRAIN_32950,TRAIN_20925,1,0,1,1,0,1,1,1,1,1
TRAIN_06292,TRAIN_21261,1,1,0,1,1,0,1,1,1,1
TRAIN_08350,TRAIN_18118,1,1,1,1,0,0,1,1,1,1
TRAIN_31660,TRAIN_31776,1,1,1,1,1,1,1,1,0,0
TRAIN_10822,TRAIN_17638,1,1,1,1,0,1,1,1,0,1
TRAIN_32052,TRAIN_32894,1,1,1,0,1,1,1,1,0,1
TRAIN_14113,TRAIN_32898,1,0,1,1,0,1,1,1,1,1
TRAIN_31920,TRAIN_20373,1,1,0,1,1,0,1,1,1,1
TRAIN_03480,TRAIN_32252,0,1,0,1,1,1,1,1,1,1
TRAIN_14329,TRAIN_14857,1,1,1,1,1,0,0,1,1,1
TRAIN_31660,TRAIN_18214,1,1,0,1,1,1,1,1,1,0
TRAIN_17446,TRAIN_18118,0,1,1,1,1,0,1,1,1,1
TRAIN_11014,TRAIN_13080,1,0,1,1,1,1,1,0,1,1
TRAIN_08758,TRAIN_32526,1,1,1,1,1,1,1,0,0,1
TRAIN_32152,TRAIN_32815,1,1,1,1,1,1,1,0,1,0
TRAIN_08205,TRAIN_31622,1,1,1,0,0,1,1,1,1,1
TRAIN_27618,TRAIN_32906,1,1,1,1,0,0,1,1,1,1
TRAIN_07556,TRAIN_08926,1,1,1,1,0,1,0,1,1,1
TRAIN_13320,TRAIN_31820,1,0,1,1,0,1,1,1,1,1
TRAIN_31964,TRAIN_20085,1,1,1,0,1,1,1,0,1,1
TRAIN_18022,TRAIN_19077,0,1,1,0,1,1,1,1,1,1
TRAIN_20853,TRAIN_22053,1,0,1,1,1,1,1,0,1,1
TRAIN_15145,TRAIN_32866,1,1,1,1,1,1,0,1,0,1
TRAIN_05836,TRAIN_10006,1,1,1,1,1,1,0,1,0,1
TRAIN_31788,TRAIN_32823,1,0,1,1,1,1,1,1,1,0
TRAIN_13128,TRAIN_32610,1,1,1,1,1,1,0,1,0,1
TRAIN_29401,TRAIN_32702,1,1,0,1,1,1,1,1,0,1
TRAIN_14617,TRAIN_19581,1,1,1,1,0,1,1,0,1,1
TRAIN_28182,TRAIN_14329,1,1,1,1,1,1,0,1,0,1
TRAIN_03312,TRAIN_16034,1,0,1,1,1,1,0,1,1,1
TRAIN_32658,TRAIN_32713,1,1,0,1,1,1,1,1,0,1
TRAIN_24792,TRAIN_12527,1,1,1,1,0,1,1,0,1,1
TRAIN_04656,TRAIN_07100,1,1,1,1,0,1,0,1,1,1
TRAIN_29663,TRAIN_16822,1,1,0,1,1,1,1,1,1,0
TRAIN_13320,TRAIN_21261,1,0,1,1,1,0,1,1,1,1
TRAIN_30030,TRAIN_08926,1,1,0,1,0,1,1,1,1,1
TRAIN_09094,TRAIN_21309,1,1,0,0,1,1,1,1,1,1
TRAIN_02496,TRAIN_32950,1,1,0,1,0,1,1,1,1,1
TRAIN_30832,TRAIN_18933,0,0,1,1,1,1,1,1,1,1
TRAIN_32324,TRAIN_32582,1,1,1,1,1,1,0,1,1,0
TRAIN_26474,TRAIN_32775,1,0,1,1,1,1,1,1,1,0
TRAIN_07364,TRAIN_16127,1,0,1,1,1,1,1,1,1,0
TRAIN_30904,TRAIN_17230,1,0,0,1,1,1,1,1,1,1
TRAIN_31760,TRAIN_14977,1,1,1,1,0,1,0,1,1,1
TRAIN_08542,TRAIN_32152,1,1,1,1,1,1,1,0,1,0
TRAIN_31552,TRAIN_08950,1,1,0,1,0,1,1,1,1,1
TRAIN_30583,TRAIN_32012,0,1,1,1,1,1,1,1,0,1
TRAIN_30294,TRAIN_11086,1,0,1,1,1,1,1,0,1,1
TRAIN_11495,TRAIN_31880,1,1,1,1,1,0,1,1,1,0
TRAIN_31678,TRAIN_32176,1,1,0,1,1,1,1,0,1,1
TRAIN_12143,TRAIN_32942,1,1,0,1,1,1,1,0,1,1
TRAIN_26114,TRAIN_21741,0,1,1,1,1,1,1,0,1,1
TRAIN_28134,TRAIN_11591,1,1,1,1,0,1,0,1,1,1
TRAIN_04512,TRAIN_19629,1,1,1,1,1,1,0,1,1,0
TRAIN_05233,TRAIN_18310,1,1,0,1,1,0,1,1,1,1
TRAIN_24720,TRAIN_21069,1,1,1,0,1,1,1,0,1,1
TRAIN_10822,TRAIN_32823,1,0,1,1,0,1,1,1,1,1
TRAIN_18358,TRAIN_18406,0,1,0,1,1,1,1,1,1,1
TRAIN_28878,TRAIN_15025,1,1,1,0,0,1,1,1,1,1
TRAIN_11807,TRAIN_14281,1,1,1,1,1,1,0,1,0,1
TRAIN_27386,TRAIN_14953,1,1,1,0,0,1,1,1,1,1
TRAIN_06292,TRAIN_31732,1,1,1,1,1,1,1,0,1,0
TRAIN_31940,TRAIN_16295,1,0,1,1,1,1,1,1,0,1
TRAIN_06964,TRAIN_16247,1,0,1,1,1,1,1,0,1,1
TRAIN_12119,TRAIN_15385,1,1,0,1,1,1,1,1,1,0
TRAIN_31940,TRAIN_32622,1,1,1,0,1,1,1,1,0,1
TRAIN_32630,TRAIN_20877,1,1,1,1,1,0,0,1,1,1
TRAIN_28758,TRAIN_30270,1,0,1,1,1,1,1,1,0,1
TRAIN_31916,TRAIN_17566,1,1,1,1,0,1,1,1,1,0
TRAIN_04272,TRAIN_20901,1,1,1,1,0,1,1,1,1,0
TRAIN_31648,TRAIN_17326,1,1,1,1,1,1,0,1,1,0
TRAIN_11687,TRAIN_32926,1,1,1,1,1,1,0,1,0,1
TRAIN_24576,TRAIN_20565,1,1,0,1,1,1,1,0,1,1
TRAIN_32180,TRAIN_32248,0,1,0,1,1,1,1,1,1,1
TRAIN_30439,TRAIN_20589,1,1,1,0,1,1,0,1,1,1
TRAIN_18981,TRAIN_20949,1,0,1,1,0,1,1,1,1,1
TRAIN_12383,TRAIN_21501,0,1,1,1,1,1,1,1,0,1
TRAIN_06652,TRAIN_18214,0,1,0,1,1,1,1,1,1,1
TRAIN_25898,TRAIN_20949,1,1,1,1,0,1,1,0,1,1
TRAIN_16034,TRAIN_32538,1,1,1,1,1,1,1,0,0,1
TRAIN_08326,TRAIN_32566,1,1,1,1,1,1,0,0,1,1
TRAIN_06508,TRAIN_31908,1,1,0,1,1,1,1,1,0,1
TRAIN_07628,TRAIN_15818,1,1,0,1,1,1,0,1,1,1
TRAIN_10534,TRAIN_20781,1,0,1,1,1,1,1,0,1,1
TRAIN_17350,TRAIN_32550,1,1,1,1,1,1,0,0,1,1
TRAIN_27906,TRAIN_17038,1,1,0,1,0,1,1,1,1,1
TRAIN_19221,TRAIN_21213,1,0,0,1,1,1,1,1,1,1
TRAIN_08926,TRAIN_15674,1,1,0,1,1,1,0,1,1,1
TRAIN_08758,TRAIN_14425,1,1,1,1,1,1,1,1,0,0
TRAIN_16055,TRAIN_32618,1,1,1,1,1,0,1,1,1,0
TRAIN_24792,TRAIN_19149,1,0,1,1,1,1,1,1,1,0
TRAIN_04704,TRAIN_17230,1,1,0,0,1,1,1,1,1,1
TRAIN_10006,TRAIN_12431,1,1,1,1,1,1,0,1,0,1
TRAIN_06484,TRAIN_10534,1,1,0,1,1,0,1,1,1,1
TRAIN_06772,TRAIN_31666,1,1,0,1,0,1,1,1,1,1
TRAIN_01920,TRAIN_18621,1,1,0,0,1,1,1,1,1,1
TRAIN_12335,TRAIN_13488,0,1,1,1,1,1,1,1,1,0
TRAIN_30246,TRAIN_08470,1,1,1,1,1,1,1,0,0,1
TRAIN_13488,TRAIN_18909,0,0,1,1,1,1,1,1,1,1
TRAIN_11447,TRAIN_32148,0,1,1,1,1,1,1,1,0,1
TRAIN_18166,TRAIN_32508,1,1,1,1,1,1,1,0,1,0
TRAIN_04488,TRAIN_32400,1,1,1,1,0,1,1,0,1,1
TRAIN_30904,TRAIN_08374,1,1,1,1,1,1,1,0,1,0
TRAIN_06028,TRAIN_18981,0,1,1,1,0,1,1,1,1,1
TRAIN_12023,TRAIN_19701,1,1,1,1,0,0,1,1,1,1
TRAIN_31716,TRAIN_21501,1,1,1,1,1,0,1,1,0,1
TRAIN_04224,TRAIN_32926,1,1,1,1,1,1,0,1,0,1
TRAIN_08662,TRAIN_19677,1,1,1,1,0,1,0,1,1,1
TRAIN_30631,TRAIN_21165,1,0,1,1,1,1,1,1,1,0
TRAIN_12191,TRAIN_20493,1,1,0,1,1,0,1,1,1,1
TRAIN_31840,TRAIN_31952,1,0,1,0,1,1,1,1,1,1
TRAIN_31672,TRAIN_32763,1,1,0,0,1,1,1,1,1,1
TRAIN_32272,TRAIN_18310,0,1,1,1,1,1,1,1,0,1
TRAIN_28134,TRAIN_32268,1,1,1,0,0,1,1,1,1,1
TRAIN_09142,TRAIN_19941,1,1,1,0,1,1,1,1,1,0
TRAIN_01008,TRAIN_21549,0,1,1,1,1,0,1,1,1,1
TRAIN_07580,TRAIN_32862,1,0,1,1,1,1,1,1,1,0
TRAIN_07012,TRAIN_18621,0,1,1,1,0,1,1,1,1,1
TRAIN_13705,TRAIN_31872,1,0,1,1,1,1,1,0,1,1
TRAIN_06124,TRAIN_32874,1,1,1,0,1,0,1,1,1,1
TRAIN_01560,TRAIN_14257,1,0,1,0,1,1,1,1,1,1
TRAIN_28542,TRAIN_14857,1,1,1,1,1,0,1,0,1,1
TRAIN_30366,TRAIN_32626,1,1,1,1,0,0,1,1,1,1
TRAIN_09310,TRAIN_13296,1,1,1,1,1,1,0,0,1,1
TRAIN_10246,TRAIN_20637,1,1,1,0,0,1,1,1,1,1
TRAIN_30150,TRAIN_15409,1,1,1,1,1,1,1,0,0,1
TRAIN_01704,TRAIN_11855,1,1,1,1,1,1,1,1,0,0
TRAIN_13777,TRAIN_31760,1,0,1,1,1,1,1,1,1,0
TRAIN_29814,TRAIN_32550,1,1,1,1,1,0,1,0,1,1
TRAIN_31622,TRAIN_19461,1,1,1,1,1,1,1,0,0,1
TRAIN_04176,TRAIN_32827,1,0,1,1,0,1,1,1,1,1
TRAIN_31872,TRAIN_14785,1,1,1,1,1,0,1,0,1,1
TRAIN_26330,TRAIN_15121,1,1,1,1,1,1,1,0,0,1
TRAIN_13248,TRAIN_17398,0,1,1,1,1,1,1,1,1,0
TRAIN_03216,TRAIN_16343,1,0,1,1,0,1,1,1,1,1
TRAIN_32276,TRAIN_19413,1,1,1,1,1,1,1,1,0,0
TRAIN_03648,TRAIN_32902,1,0,1,1,0,1,1,1,1,1
TRAIN_08012,TRAIN_19893,1,1,1,0,1,1,0,1,1,1
TRAIN_10054,TRAIN_12816,1,1,1,0,1,1,1,1,1,0
TRAIN_31694,TRAIN_18214,1,1,0,1,1,1,1,1,1,0
TRAIN_08974,TRAIN_20901,1,1,1,1,0,1,1,1,1,0
TRAIN_08326,TRAIN_32216,1,1,1,1,1,1,1,0,1,0
TRAIN_02160,TRAIN_21981,1,1,0,0,1,1,1,1,1,1
TRAIN_08926,TRAIN_18358,1,1,0,1,1,1,0,1,1,1
TRAIN_05812,TRAIN_32799,1,1,1,1,1,0,1,1,1,0
TRAIN_28662,TRAIN_15770,1,1,0,0,1,1,1,1,1,1
TRAIN_07556,TRAIN_15553,1,1,1,1,0,0,1,1,1,1
TRAIN_32324,TRAIN_32526,1,1,1,1,0,1,0,1,1,1
TRAIN_11663,TRAIN_14977,1,1,1,0,1,1,0,1,1,1
TRAIN_11230,TRAIN_32546,1,1,1,1,0,0,1,1,1,1
TRAIN_06796,TRAIN_20493,1,1,0,1,0,1,1,1,1,1
TRAIN_12503,TRAIN_19197,0,1,0,1,1,1,1,1,1,1
TRAIN_15073,TRAIN_19821,1,1,1,0,1,1,1,0,1,1
TRAIN_29376,TRAIN_16510,1,1,1,0,1,1,0,1,1,1
TRAIN_27122,TRAIN_20757,1,0,1,1,1,1,0,1,1,1
TRAIN_16726,TRAIN_17902,1,1,1,0,1,1,1,0,1,1
TRAIN_18022,TRAIN_32970,1,1,1,0,1,1,1,1,1,0
TRAIN_03288,TRAIN_21549,0,1,1,1,1,0,1,1,1,1
TRAIN_31696,TRAIN_32060,1,1,1,0,1,1,1,0,1,1
TRAIN_31336,TRAIN_21597,0,1,1,1,1,1,1,1,0,1
TRAIN_06292,TRAIN_18094,0,1,1,1,1,1,0,1,1,1
TRAIN_15481,TRAIN_32978,1,1,0,1,1,1,1,0,1,1
TRAIN_15914,TRAIN_32670,1,1,0,1,1,1,0,1,1,1
TRAIN_10630,TRAIN_15457,1,1,0,1,1,1,0,1,1,1
TRAIN_17662,TRAIN_18046,0,1,1,1,0,1,1,1,1,1
TRAIN_17278,TRAIN_18382,1,1,0,1,0,1,1,1,1,1
TRAIN_13512,TRAIN_32799,1,0,1,1,1,1,0,1,1,1
TRAIN_12383,TRAIN_19557,1,1,1,1,0,1,1,1,0,1
TRAIN_27410,TRAIN_18142,0,1,0,1,1,1,1,1,1,1
TRAIN_08854,TRAIN_31638,1,1,1,1,0,1,1,1,0,1
TRAIN_04969,TRAIN_32460,1,0,1,1,1,1,1,0,1,1
TRAIN_26474,TRAIN_32188,0,1,1,1,0,1,1,1,1,1
TRAIN_24360,TRAIN_20805,1,0,1,1,1,1,1,1,1,0
TRAIN_06148,TRAIN_28566,1,1,1,1,0,0,1,1,1,1
TRAIN_02088,TRAIN_32008,1,1,1,1,1,0,1,0,1,1
TRAIN_32662,TRAIN_21837,1,1,0,1,1,1,1,1,1,0
TRAIN_28014,TRAIN_29687,1,1,1,1,1,0,1,1,0,1
TRAIN_25730,TRAIN_21789,0,1,1,0,1,1,1,1,1,1
TRAIN_25464,TRAIN_32958,1,1,1,1,0,1,1,0,1,1
TRAIN_28086,TRAIN_31896,1,0,1,1,1,1,1,0,1,1
TRAIN_29591,TRAIN_32966,1,1,0,1,0,1,1,1,1,1
TRAIN_08926,TRAIN_15241,1,1,0,1,1,1,1,0,1,1
TRAIN_28638,TRAIN_32618,1,1,1,0,1,1,1,1,1,0
TRAIN_32140,TRAIN_20685,1,1,1,1,1,1,1,0,1,0
TRAIN_26978,TRAIN_21741,0,1,1,0,1,1,1,1,1,1
TRAIN_31768,TRAIN_20349,1,1,1,1,1,0,1,0,1,1
TRAIN_04752,TRAIN_32376,1,1,1,0,1,0,1,1,1,1
TRAIN_24840,TRAIN_32144,1,1,1,1,1,1,0,1,0,1
TRAIN_06868,TRAIN_32276,0,1,1,1,1,1,1,1,0,1
TRAIN_27762,TRAIN_13008,1,1,1,1,1,1,0,1,0,1
TRAIN_16510,TRAIN_20517,1,1,1,0,1,1,1,1,1,0
TRAIN_32028,TRAIN_32332,0,1,1,1,0,1,1,1,1,1
TRAIN_29615,TRAIN_32725,1,1,0,1,1,1,1,1,1,0
TRAIN_05161,TRAIN_21069,1,0,1,1,1,1,1,0,1,1
TRAIN_18477,TRAIN_19749,1,1,1,1,0,0,1,1,1,1
TRAIN_32827,TRAIN_20661,1,0,1,1,1,1,1,1,0,1
TRAIN_17374,TRAIN_17950,0,1,1,1,1,1,1,1,0,1
TRAIN_08590,TRAIN_10702,1,1,1,1,0,1,1,1,0,1
TRAIN_13248,TRAIN_31686,1,1,1,1,1,1,0,1,1,0
TRAIN_10150,TRAIN_32504,1,1,1,1,1,0,0,1,1,1
TRAIN_04320,TRAIN_17518,1,1,1,1,1,0,0,1,1,1
TRAIN_15505,TRAIN_16990,1,1,0,1,1,0,1,1,1,1
TRAIN_31264,TRAIN_15193,1,1,0,1,1,1,1,0,1,1
TRAIN_31992,TRAIN_32116,0,1,1,1,1,1,1,1,1,0
TRAIN_25970,TRAIN_32862,1,1,1,0,1,1,1,1,1,0
TRAIN_04104,TRAIN_08782,1,1,0,1,1,1,0,1,1,1
TRAIN_30832,TRAIN_12768,0,1,0,1,1,1,1,1,1,1
TRAIN_01824,TRAIN_17158,1,0,0,1,1,1,1,1,1,1
TRAIN_06772,TRAIN_16630,1,1,1,0,1,1,1,0,1,1
TRAIN_32582,TRAIN_20373,1,1,1,1,1,0,0,1,1,1
TRAIN_06964,TRAIN_32743,1,1,1,1,1,0,1,0,1,1
TRAIN_31880,TRAIN_32634,1,1,0,1,1,1,1,1,1,0
TRAIN_08374,TRAIN_32546,1,1,1,1,1,1,0,1,0,1
TRAIN_25682,TRAIN_32819,1,1,1,1,0,1,1,0,1,1
TRAIN_24840,TRAIN_18621,1,1,1,0,0,1,1,1,1,1
TRAIN_26666,TRAIN_08638,1,1,1,1,1,0,1,0,1,1
TRAIN_27478,TRAIN_11038,1,1,1,0,1,1,1,1,1,0
TRAIN_10462,TRAIN_19077,1,0,1,1,1,1,0,1,1,1
TRAIN_14185,TRAIN_14929,1,1,1,0,1,1,1,0,1,1
TRAIN_10030,TRAIN_31992,1,1,1,1,1,1,1,1,0,0
TRAIN_03600,TRAIN_08566,1,1,1,1,0,1,1,1,0,1
TRAIN_05065,TRAIN_32642,1,1,1,1,1,1,0,0,1,1
TRAIN_28062,TRAIN_32950,1,0,1,1,1,1,1,1,1,0
TRAIN_16034,TRAIN_18933,1,0,1,1,1,1,1,0,1,1
TRAIN_30703,TRAIN_21501,0,1,1,1,1,1,1,1,0,1
TRAIN_06940,TRAIN_18597,0,1,1,1,1,0,1,1,1,1
TRAIN_02352,TRAIN_21933,0,1,1,1,1,0,1,1,1,1
TRAIN_32292,TRAIN_20877,1,0,1,1,1,0,1,1,1,1
TRAIN_19605,TRAIN_20421,1,1,1,1,0,1,1,1,0,1
TRAIN_31828,TRAIN_32248,1,1,1,0,1,1,0,1,1,1
TRAIN_30813,TRAIN_32823,1,0,1,1,1,1,1,1,1,0
TRAIN_28350,TRAIN_32558,1,1,1,1,1,1,1,1,0,0
TRAIN_29474,TRAIN_31732,1,1,1,1,1,1,1,0,1,0
TRAIN_32040,TRAIN_14737,1,1,1,1,1,0,1,1,1,0
TRAIN_07724,TRAIN_14617,1,1,1,1,1,0,0,1,1,1
TRAIN_28470,TRAIN_12792,1,1,0,1,1,1,0,1,1,1
TRAIN_08302,TRAIN_13296,1,1,1,1,0,1,0,1,1,1
TRAIN_11903,TRAIN_32432,0,1,1,1,1,1,1,0,1,1
TRAIN_13512,TRAIN_32666,1,1,1,1,1,1,0,1,0,1
TRAIN_32480,TRAIN_17014,1,0,0,1,1,1,1,1,1,1
TRAIN_27642,TRAIN_15938,1,1,0,0,1,1,1,1,1,1
TRAIN_18501,TRAIN_21357,0,1,1,1,1,1,1,1,1,0
TRAIN_28758,TRAIN_09862,1,0,1,1,1,0,1,1,1,1
TRAIN_09046,TRAIN_20109,1,1,1,1,0,1,0,1,1,1
TRAIN_16079,TRAIN_22005,1,0,1,1,1,1,1,1,1,0
TRAIN_32244,TRAIN_17494,0,1,1,1,1,0,1,1,1,1
TRAIN_31120,TRAIN_17182,1,0,0,1,1,1,1,1,1,1
TRAIN_24384,TRAIN_19317,1,1,1,1,1,1,1,0,0,1
TRAIN_31952,TRAIN_32320,1,0,1,1,1,1,1,0,1,1
TRAIN_27906,TRAIN_20157,1,1,0,1,1,1,1,1,0,1
TRAIN_30559,TRAIN_32743,1,1,1,0,1,0,1,1,1,1
TRAIN_08180,TRAIN_09190,1,1,0,0,1,1,1,1,1,1
TRAIN_27574,TRAIN_32874,1,1,1,1,1,0,1,1,1,0
TRAIN_32352,TRAIN_18406,0,1,1,1,1,1,1,1,0,1
TRAIN_02088,TRAIN_21837,1,1,0,1,1,1,1,1,1,0
TRAIN_14137,TRAIN_15938,1,1,0,0,1,1,1,1,1,1
TRAIN_16510,TRAIN_17926,1,1,1,0,1,1,1,1,1,0
TRAIN_32112,TRAIN_16462,1,1,1,0,1,1,1,0,1,1
TRAIN_10870,TRAIN_32791,1,0,1,1,1,0,1,1,1,1
TRAIN_08374,TRAIN_32874,1,1,1,0,1,1,1,1,1,0
TRAIN_13440,TRAIN_21213,1,0,1,1,1,1,1,0,1,1
TRAIN_07060,TRAIN_32232,0,1,1,1,1,1,1,0,1,1
TRAIN_32176,TRAIN_32296,0,1,1,1,1,1,1,0,1,1
TRAIN_32136,TRAIN_21693,0,1,1,1,1,1,1,1,1,0
TRAIN_11999,TRAIN_32480,0,1,1,0,1,1,1,1,1,1
TRAIN_11351,TRAIN_31632,1,1,1,1,1,0,1,0,1,1
TRAIN_31756,TRAIN_14353,1,1,1,1,1,0,1,0,1,1
TRAIN_10366,TRAIN_11927,1,1,1,0,0,1,1,1,1,1
TRAIN_07436,TRAIN_29814,0,1,1,0,1,1,1,1,1,1
TRAIN_30535,TRAIN_18358,0,1,1,1,1,0,1,1,1,1
TRAIN_10054,TRAIN_11807,1,1,1,0,1,0,1,1,1,1
TRAIN_32024,TRAIN_32336,0,1,1,1,0,1,1,1,1,1
TRAIN_06940,TRAIN_15169,1,1,1,1,1,1,1,0,1,0
TRAIN_32424,TRAIN_21549,0,1,1,1,1,1,0,1,1,1
TRAIN_12768,TRAIN_31912,1,1,0,1,1,1,1,0,1,1
TRAIN_30439,TRAIN_21429,0,1,1,1,1,1,0,1,1,1
TRAIN_13921,TRAIN_31652,1,1,0,1,1,1,1,1,1,0
TRAIN_32164,TRAIN_17782,0,1,1,1,1,1,1,1,0,1
TRAIN_06820,TRAIN_14377,1,1,1,1,1,1,0,1,0,1
TRAIN_06580,TRAIN_17734,0,1,1,1,1,1,1,0,1,1
TRAIN_25682,TRAIN_20589,1,1,0,1,1,1,0,1,1,1
TRAIN_32244,TRAIN_18813,0,1,1,1,1,0,1,1,1,1
TRAIN_29742,TRAIN_31640,1,1,1,0,1,1,0,1,1,1
TRAIN_31732,TRAIN_15073,1,1,1,1,0,1,1,0,1,1
TRAIN_06364,TRAIN_20205,1,1,0,1,1,1,1,0,1,1
TRAIN_09286,TRAIN_13488,1,1,1,0,1,1,0,1,1,1
TRAIN_06580,TRAIN_11495,0,1,1,1,1,1,1,0,1,1
TRAIN_26522,TRAIN_32771,1,0,1,1,1,1,1,1,1,0
TRAIN_12335,TRAIN_32759,1,1,0,1,0,1,1,1,1,1
TRAIN_17950,TRAIN_32986,1,1,1,0,1,0,1,1,1,1
TRAIN_12239,TRAIN_19989,1,1,1,1,1,0,1,0,1,1
TRAIN_05908,TRAIN_20037,1,1,1,0,1,1,1,1,1,0
TRAIN_16798,TRAIN_18166,1,1,0,1,1,1,1,1,1,0
TRAIN_28758,TRAIN_31606,1,1,1,1,1,0,1,1,0,1
TRAIN_24816,TRAIN_21213,1,0,1,1,1,1,1,0,1,1
TRAIN_29119,TRAIN_12624,0,1,1,1,1,1,1,0,1,1
TRAIN_09262,TRAIN_32052,1,1,1,0,1,1,1,1,1,0
TRAIN_13056,TRAIN_32819,1,0,1,1,1,1,1,0,1,1
TRAIN_26594,TRAIN_21261,1,0,0,1,1,1,1,1,1,1
TRAIN_03768,TRAIN_32032,0,1,1,1,1,1,1,1,1,0
TRAIN_32906,TRAIN_21789,1,1,1,0,1,0,1,1,1,1
TRAIN_12215,TRAIN_20325,1,1,0,1,1,0,1,1,1,1
TRAIN_00432,TRAIN_19797,1,1,1,0,1,1,1,1,1,0
TRAIN_31626,TRAIN_18382,1,1,1,1,0,1,1,1,1,0
TRAIN_31824,TRAIN_18070,1,1,1,0,0,1,1,1,1,1
TRAIN_30006,TRAIN_31960,1,1,0,0,1,1,1,1,1,1
TRAIN_31920,TRAIN_15145,1,1,0,1,1,1,1,1,0,1
TRAIN_27810,TRAIN_15241,1,1,0,1,1,1,1,0,1,1
TRAIN_32088,TRAIN_18621,0,1,1,0,1,1,1,1,1,1
TRAIN_09070,TRAIN_18238,1,1,0,1,1,1,0,1,1,1
TRAIN_06700,TRAIN_21309,1,1,0,0,1,1,1,1,1,1
TRAIN_14977,TRAIN_32759,1,1,1,0,0,1,1,1,1,1
TRAIN_30952,TRAIN_16034,1,0,1,1,1,1,0,1,1,1
TRAIN_11206,TRAIN_32819,1,0,1,1,0,1,1,1,1,1
TRAIN_28999,TRAIN_18573,1,1,0,0,1,1,1,1,1,1
TRAIN_09022,TRAIN_20349,1,1,0,1,1,0,1,1,1,1
TRAIN_32036,TRAIN_32739,1,1,1,1,1,0,1,1,0,1
TRAIN_09310,TRAIN_32522,1,1,1,1,1,1,0,0,1,1
TRAIN_05209,TRAIN_19293,1,0,0,1,1,1,1,1,1,1
TRAIN_10942,TRAIN_31996,1,1,1,1,1,1,1,0,0,1
TRAIN_31904,TRAIN_32842,1,0,1,1,0,1,1,1,1,1
TRAIN_06556,TRAIN_32626,1,1,1,0,1,1,1,0,1,1
TRAIN_13176,TRAIN_31668,1,1,1,1,0,1,1,1,0,1
TRAIN_31702,TRAIN_32582,1,1,1,0,1,1,0,1,1,1
TRAIN_06508,TRAIN_20637,1,1,0,0,1,1,1,1,1,1
TRAIN_31706,TRAIN_31776,1,1,1,0,1,1,1,1,0,1
TRAIN_25248,TRAIN_22077,1,0,1,1,1,1,0,1,1,1
TRAIN_06364,TRAIN_14377,1,1,1,1,1,1,0,0,1,1
TRAIN_14233,TRAIN_21717,0,1,1,0,1,1,1,1,1,1
TRAIN_30390,TRAIN_32823,1,0,1,1,1,1,1,1,1,0
TRAIN_32448,TRAIN_15746,1,1,0,1,1,0,1,1,1,1
TRAIN_20853,TRAIN_21261,1,0,1,1,1,0,1,1,1,1
TRAIN_25802,TRAIN_31812,1,1,1,0,1,1,1,1,1,0
TRAIN_32725,TRAIN_32974,1,1,0,0,1,1,1,1,1,1
TRAIN_17542,TRAIN_32522,1,1,1,1,0,1,1,1,1,0
TRAIN_09958,TRAIN_18142,1,1,1,1,1,1,1,1,0,0
TRAIN_28446,TRAIN_32846,1,0,1,1,0,1,1,1,1,1
TRAIN_07724,TRAIN_31844,1,0,1,1,1,0,1,1,1,1
TRAIN_32344,TRAIN_32514,1,1,1,1,0,1,1,0,1,1
TRAIN_05812,TRAIN_15770,1,1,1,1,1,0,1,1,0,1
TRAIN_14785,TRAIN_32666,1,1,1,1,1,0,1,1,0,1
TRAIN_09958,TRAIN_13945,1,0,1,1,1,1,1,1,0,1
TRAIN_30511,TRAIN_32938,1,0,1,1,1,0,1,1,1,1
TRAIN_11807,TRAIN_31658,1,1,1,1,1,1,0,1,0,1
TRAIN_05524,TRAIN_17902,1,1,1,0,1,1,1,0,1,1
TRAIN_08494,TRAIN_10126,1,1,1,0,1,1,1,1,0,1
TRAIN_10750,TRAIN_18477,1,1,0,1,0,1,1,1,1,1
TRAIN_32252,TRAIN_15577,1,1,0,1,0,1,1,1,1,1
TRAIN_14473,TRAIN_32815,1,1,1,1,0,1,1,0,1,1
TRAIN_15553,TRAIN_19581,1,1,1,1,0,1,1,0,1,1
TRAIN_06484,TRAIN_20301,1,1,0,1,1,0,1,1,1,1
TRAIN_10534,TRAIN_12383,1,1,0,1,1,1,1,0,1,1
TRAIN_32024,TRAIN_19917,1,1,1,1,1,1,0,0,1,1
TRAIN_12191,TRAIN_21597,0,1,1,1,1,1,1,1,0,1
TRAIN_09550,TRAIN_19989,1,1,1,0,1,0,1,1,1,1
TRAIN_29304,TRAIN_15842,1,1,1,0,0,1,1,1,1,1
TRAIN_31648,TRAIN_32428,1,1,0,1,1,1,0,1,1,1
TRAIN_30928,TRAIN_16558,1,0,1,1,1,1,1,0,1,1
TRAIN_27098,TRAIN_08902,1,1,0,1,1,1,1,0,1,1
TRAIN_11303,TRAIN_31968,1,1,1,1,1,0,0,1,1,1
TRAIN_31576,TRAIN_15674,1,1,0,0,1,1,1,1,1,1
TRAIN_08060,TRAIN_31704,1,1,0,0,1,1,1,1,1,1
TRAIN_29615,TRAIN_13488,0,1,1,1,1,1,1,1,1,0
TRAIN_19149,TRAIN_21909,0,1,0,1,1,1,1,1,1,1
TRAIN_18118,TRAIN_21693,0,1,1,0,1,1,1,1,1,1
TRAIN_13344,TRAIN_20949,1,0,1,1,0,1,1,1,1,1
TRAIN_30222,TRAIN_32184,0,1,1,1,1,1,0,1,1,1
TRAIN_01704,TRAIN_21885,1,1,0,1,1,1,1,0,1,1
TRAIN_10030,TRAIN_32100,1,1,1,0,1,1,1,1,0,1
TRAIN_11711,TRAIN_14017,0,1,1,1,1,1,1,1,1,0
TRAIN_05209,TRAIN_32032,1,1,1,1,1,0,1,1,1,0
TRAIN_11134,TRAIN_17566,1,1,1,1,0,1,1,1,1,0
TRAIN_31776,TRAIN_32292,1,0,1,1,1,1,1,1,1,0
TRAIN_29838,TRAIN_17278,1,1,0,0,1,1,1,1,1,1
TRAIN_32492,TRAIN_16534,1,0,1,0,1,1,1,1,1,1
TRAIN_32448,TRAIN_17446,0,1,1,1,1,0,1,1,1,1
TRAIN_31504,TRAIN_12215,0,1,0,1,1,1,1,1,1,1
TRAIN_04296,TRAIN_31216,1,1,1,1,0,0,1,1,1,1
TRAIN_32260,TRAIN_19029,0,1,1,0,1,1,1,1,1,1
TRAIN_29071,TRAIN_19509,1,1,1,1,1,0,1,1,0,1
TRAIN_08446,TRAIN_15193,1,1,1,1,1,1,0,0,1,1
TRAIN_31976,TRAIN_15385,1,1,0,1,0,1,1,1,1,1
TRAIN_04248,TRAIN_32432,1,1,1,1,1,1,0,0,1,1
TRAIN_13657,TRAIN_17086,1,0,1,1,0,1,1,1,1,1
TRAIN_21333,TRAIN_21501,0,1,1,1,1,1,1,1,0,1
TRAIN_17254,TRAIN_20493,1,1,0,1,1,0,1,1,1,1
TRAIN_17014,TRAIN_32978,1,0,0,1,1,1,1,1,1,1
TRAIN_12431,TRAIN_31644,1,1,0,1,1,1,1,1,0,1
TRAIN_30487,TRAIN_32144,0,1,1,1,1,1,1,1,0,1
TRAIN_02544,TRAIN_31768,1,1,1,1,1,0,1,0,1,1
TRAIN_04320,TRAIN_13849,1,1,1,1,1,1,0,1,1,0
TRAIN_04536,TRAIN_12551,1,1,0,1,1,0,1,1,1,1
TRAIN_14137,TRAIN_32747,1,1,0,0,1,1,1,1,1,1
TRAIN_10078,TRAIN_14257,1,0,1,0,1,1,1,1,1,1
TRAIN_09790,TRAIN_32946,1,0,1,1,1,0,1,1,1,1
TRAIN_24744,TRAIN_18453,1,1,1,1,0,1,0,1,1,1
TRAIN_02448,TRAIN_22174,0,1,0,1,1,1,1,1,1,1
TRAIN_11687,TRAIN_32759,1,1,1,0,1,1,1,0,1,1
TRAIN_30928,TRAIN_14737,1,1,1,1,1,0,1,1,0,1
TRAIN_06844,TRAIN_19749,1,1,1,1,0,0,1,1,1,1
TRAIN_07060,TRAIN_08012,0,0,1,1,1,1,1,1,1,1
TRAIN_09406,TRAIN_10534,1,1,0,1,1,1,1,1,1,0
TRAIN_28158,TRAIN_32578,1,1,1,0,1,1,1,0,1,1
TRAIN_28134,TRAIN_32296,1,0,1,1,1,1,1,1,0,1
TRAIN_32468,TRAIN_18693,0,0,1,1,1,1,1,1,1,1
TRAIN_10582,TRAIN_32783,1,0,1,1,1,1,0,1,1,1
TRAIN_14137,TRAIN_17110,1,0,0,1,1,1,1,1,1,1
TRAIN_17350,TRAIN_32831,1,1,1,1,1,1,0,0,1,1
TRAIN_31784,TRAIN_19317,1,1,1,1,1,1,1,0,0,1
TRAIN_25080,TRAIN_20253,1,1,0,1,1,1,1,1,0,1
TRAIN_06532,TRAIN_14353,1,1,1,1,1,1,0,1,1,0
TRAIN_03744,TRAIN_20301,1,1,0,1,1,1,1,1,1,0
TRAIN_31674,TRAIN_31876,1,1,0,1,1,1,1,1,0,1
TRAIN_15818,TRAIN_21981,1,1,0,0,1,1,1,1,1,1
TRAIN_31576,TRAIN_22029,0,0,1,1,1,1,1,1,1,1
TRAIN_30102,TRAIN_31644,1,1,0,1,1,0,1,1,1,1
TRAIN_14137,TRAIN_31710,1,1,0,0,1,1,1,1,1,1
TRAIN_13849,TRAIN_31808,1,0,1,1,1,1,0,1,1,1
TRAIN_13488,TRAIN_18262,0,1,1,1,1,1,0,1,1,1
TRAIN_14425,TRAIN_18142,1,1,1,1,1,1,1,1,0,0
TRAIN_10510,TRAIN_31816,1,0,1,1,1,1,1,1,1,0
TRAIN_14233,TRAIN_32962,1,0,0,1,1,1,1,1,1,1
TRAIN_06820,TRAIN_21501,0,1,1,1,1,1,1,1,0,1
TRAIN_08566,TRAIN_17494,1,1,1,1,1,1,0,1,0,1
TRAIN_10750,TRAIN_11903,1,1,1,1,0,1,1,1,0,1
TRAIN_31698,TRAIN_32088,1,1,1,0,1,1,0,1,1,1
TRAIN_31844,TRAIN_20829,1,0,1,1,1,0,1,1,1,1
TRAIN_07460,TRAIN_13921,0,0,1,1,1,1,1,1,1,1
TRAIN_30150,TRAIN_08566,1,1,1,1,1,1,1,0,0,1
TRAIN_04536,TRAIN_12455,1,1,0,1,1,1,1,0,1,1
TRAIN_28710,TRAIN_08254,1,1,1,1,1,1,1,1,0,0
TRAIN_30078,TRAIN_16414,1,1,1,1,0,0,1,1,1,1
TRAIN_27434,TRAIN_31936,1,1,1,1,1,1,1,0,1,0
TRAIN_06508,TRAIN_32795,1,1,1,1,1,1,1,0,0,1
TRAIN_31952,TRAIN_32076,1,1,1,0,1,1,1,0,1,1
TRAIN_04224,TRAIN_32763,1,1,1,1,0,1,0,1,1,1
TRAIN_29814,TRAIN_19893,1,1,1,0,1,1,1,1,0,1
TRAIN_14113,TRAIN_32132,0,1,0,1,1,1,1,1,1,1
TRAIN_09262,TRAIN_10078,1,1,1,0,1,0,1,1,1,1
TRAIN_16990,TRAIN_18190,1,1,0,1,1,1,1,0,1,1
TRAIN_05041,TRAIN_12479,1,1,1,1,0,1,1,1,1,0
TRAIN_32280,TRAIN_19917,1,1,1,1,1,1,0,0,1,1
TRAIN_30703,TRAIN_16870,1,0,1,1,1,1,0,1,1,1
TRAIN_29328,TRAIN_10606,1,1,1,1,1,0,1,1,0,1
TRAIN_13416,TRAIN_14953,1,1,1,0,1,1,1,1,1,0
TRAIN_32384,TRAIN_21021,1,0,1,0,1,1,1,1,1,1
TRAIN_08518,TRAIN_19485,1,1,1,1,1,1,0,1,1,0
TRAIN_19629,TRAIN_21573,1,1,1,1,0,1,1,1,1,0
TRAIN_10582,TRAIN_32743,1,1,0,1,1,0,1,1,1,1
TRAIN_07628,TRAIN_32658,1,1,0,1,1,1,1,0,1,1
TRAIN_22608,TRAIN_21621,0,1,1,1,0,1,1,1,1,1
TRAIN_31144,TRAIN_08446,1,1,1,1,1,0,1,1,1,0
TRAIN_32642,TRAIN_32815,1,1,1,1,1,1,1,0,1,0
TRAIN_11134,TRAIN_18286,1,1,0,1,1,1,1,1,1,0
TRAIN_10246,TRAIN_31888,1,0,1,1,1,1,0,1,1,1
TRAIN_13080,TRAIN_32634,1,1,1,1,1,1,1,0,0,1
TRAIN_05620,TRAIN_32160,1,1,0,1,1,1,1,1,1,0
TRAIN_05980,TRAIN_13849,0,1,1,1,1,1,0,1,1,1
TRAIN_02616,TRAIN_18022,0,1,1,0,1,1,1,1,1,1
TRAIN_01824,TRAIN_21909,1,1,0,1,1,1,0,1,1,1
TRAIN_05017,TRAIN_31682,1,1,1,0,1,1,1,1,1,0
TRAIN_12864,TRAIN_31650,1,1,0,1,1,1,1,0,1,1
TRAIN_06412,TRAIN_08036,0,1,0,1,1,1,1,1,1,1
TRAIN_05017,TRAIN_18621,1,1,1,0,0,1,1,1,1,1
TRAIN_06076,TRAIN_32862,1,1,1,0,1,1,0,1,1,1
TRAIN_05161,TRAIN_32709,1,1,0,1,1,1,0,1,1,1
TRAIN_12672,TRAIN_15361,1,1,0,1,1,1,1,1,0,1
TRAIN_11783,TRAIN_31844,1,1,1,0,1,0,1,1,1,1
TRAIN_29167,TRAIN_32882,1,1,1,0,1,1,1,0,1,1
TRAIN_29376,TRAIN_19845,1,1,1,0,1,1,1,0,1,1
TRAIN_10150,TRAIN_32220,1,1,1,0,1,1,1,0,1,1
TRAIN_06100,TRAIN_20013,1,1,1,0,1,0,1,1,1,1
TRAIN_24696,TRAIN_32926,1,1,0,1,1,1,0,1,1,1
TRAIN_15121,TRAIN_19365,1,1,1,1,1,1,1,0,1,0
TRAIN_20277,TRAIN_21213,1,1,0,1,1,1,1,0,1,1
TRAIN_05716,TRAIN_32024,1,1,1,1,0,1,1,1,0,1
TRAIN_07124,TRAIN_31646,1,1,1,1,1,0,0,1,1,1
TRAIN_06172,TRAIN_20037,1,1,1,0,0,1,1,1,1,1
TRAIN_28302,TRAIN_32779,1,0,1,1,1,1,0,1,1,1
TRAIN_25778,TRAIN_20565,1,1,0,0,1,1,1,1,1,1
TRAIN_29474,TRAIN_18957,0,1,1,1,1,1,0,1,1,1
TRAIN_27074,TRAIN_31744,1,0,1,1,1,1,1,0,1,1
TRAIN_32232,TRAIN_14473,1,1,1,1,1,1,0,0,1,1
TRAIN_06364,TRAIN_17782,0,1,1,1,1,1,1,1,1,0
TRAIN_07772,TRAIN_14545,1,1,1,1,0,1,1,1,0,1
TRAIN_09070,TRAIN_09190,1,1,0,1,1,0,1,1,1,1
TRAIN_32176,TRAIN_15265,1,1,0,1,1,1,1,0,1,1
TRAIN_23232,TRAIN_16462,1,1,1,1,1,1,1,0,1,0
TRAIN_15626,TRAIN_32682,1,1,0,1,1,1,1,0,1,1
TRAIN_15914,TRAIN_32594,1,1,1,0,0,1,1,1,1,1
TRAIN_07796,TRAIN_10606,1,0,0,1,1,1,1,1,1,1
TRAIN_30366,TRAIN_15145,1,1,1,1,1,1,0,1,0,1
TRAIN_05476,TRAIN_08710,1,1,1,0,1,0,1,1,1,1
TRAIN_32610,TRAIN_32721,1,1,1,0,1,1,1,1,0,1
TRAIN_31840,TRAIN_15818,1,1,1,0,1,0,1,1,1,1
TRAIN_28830,TRAIN_32882,1,0,1,0,1,1,1,1,1,1
TRAIN_05356,TRAIN_10942,1,0,0,1,1,1,1,1,1,1
TRAIN_28446,TRAIN_11951,1,1,1,1,0,1,1,1,0,1
TRAIN_29450,TRAIN_30655,0,1,1,1,1,1,1,1,1,0
TRAIN_28734,TRAIN_12383,1,1,0,1,1,1,1,0,1,1
TRAIN_08806,TRAIN_32064,1,1,1,1,1,1,0,0,1,1
TRAIN_14617,TRAIN_21645,1,1,1,1,0,1,0,1,1,1
TRAIN_17062,TRAIN_32906,1,0,1,1,0,1,1,1,1,1
TRAIN_11591,TRAIN_20373,1,1,1,1,1,0,0,1,1,1
TRAIN_12984,TRAIN_32725,1,1,1,1,1,1,0,1,1,0
TRAIN_09790,TRAIN_17086,1,0,1,1,0,1,1,1,1,1
TRAIN_08494,TRAIN_31804,1,1,1,0,1,1,1,1,0,1
TRAIN_25008,TRAIN_11759,1,1,1,1,1,0,1,0,1,1
TRAIN_31602,TRAIN_31924,1,1,1,1,0,1,1,0,1,1
TRAIN_02736,TRAIN_09646,1,1,1,1,1,0,1,1,1,0
TRAIN_03192,TRAIN_15938,1,1,1,0,0,1,1,1,1,1
TRAIN_12840,TRAIN_16678,1,1,1,0,0,1,1,1,1,1
TRAIN_07964,TRAIN_09622,1,0,1,1,1,1,1,1,1,0
TRAIN_30439,TRAIN_21213,1,0,1,1,1,1,1,0,1,1
TRAIN_03912,TRAIN_32610,1,1,1,0,1,1,0,1,1,1
TRAIN_31606,TRAIN_18046,1,1,1,1,0,1,1,1,0,1
TRAIN_12768,TRAIN_31626,1,1,1,0,1,1,1,0,1,1
TRAIN_26498,TRAIN_17110,1,0,1,1,0,1,1,1,1,1
TRAIN_07100,TRAIN_32815,1,0,1,1,0,1,1,1,1,1
TRAIN_29215,TRAIN_16990,1,1,1,1,1,0,1,0,1,1
TRAIN_07196,TRAIN_31916,1,0,1,1,1,1,1,1,1,0
TRAIN_31710,TRAIN_32000,1,1,1,1,1,0,0,1,1,1
TRAIN_03048,TRAIN_20325,1,1,1,1,1,0,1,1,0,1
TRAIN_11351,TRAIN_18477,0,1,1,1,1,0,1,1,1,1
TRAIN_04656,TRAIN_32376,1,1,1,0,1,1,1,1,1,0
TRAIN_01608,TRAIN_17638,1,1,1,1,0,1,1,1,0,1
TRAIN_09550,TRAIN_09838,1,1,1,1,0,0,1,1,1,1
TRAIN_27290,TRAIN_19965,1,1,1,0,1,1,1,1,0,1
TRAIN_12215,TRAIN_32340,0,1,1,1,1,0,1,1,1,1
TRAIN_31688,TRAIN_31992,1,1,1,1,1,1,0,1,0,1
TRAIN_00744,TRAIN_18573,0,1,1,0,1,1,1,1,1,1
TRAIN_07604,TRAIN_32606,1,1,1,1,1,1,0,1,1,0
TRAIN_28326,TRAIN_19869,1,1,1,1,1,1,0,1,1,0
TRAIN_08998,TRAIN_17566,1,1,1,1,0,1,1,0,1,1
TRAIN_27434,TRAIN_12720,1,1,1,1,1,0,1,1,1,0
TRAIN_13056,TRAIN_31708,1,1,1,1,1,0,1,0,1,1
TRAIN_19269,TRAIN_20997,1,0,1,1,0,1,1,1,1,1
TRAIN_32670,TRAIN_32767,1,1,0,1,1,0,1,1,1,1
TRAIN_29240,TRAIN_13873,0,1,1,1,1,1,1,1,0,1
TRAIN_24144,TRAIN_21069,1,0,1,1,1,1,1,0,1,1
TRAIN_02400,TRAIN_20733,1,1,1,1,1,1,0,1,1,0
TRAIN_32819,TRAIN_22029,1,0,1,1,1,1,1,1,0,1
TRAIN_31840,TRAIN_17878,1,1,1,0,1,1,1,1,0,1
TRAIN_14065,TRAIN_32634,1,1,0,1,1,1,1,0,1,1
TRAIN_15914,TRAIN_16678,1,1,1,0,0,1,1,1,1,1
TRAIN_05620,TRAIN_07100,1,0,1,1,0,1,1,1,1,1
TRAIN_13104,TRAIN_18334,0,1,1,1,1,0,1,1,1,1
TRAIN_09742,TRAIN_32626,1,1,1,1,0,1,1,0,1,1
TRAIN_05956,TRAIN_31892,1,1,1,1,1,1,1,1,0,0
TRAIN_16462,TRAIN_18837,1,0,1,1,1,1,1,0,1,1
TRAIN_16846,TRAIN_18909,1,0,1,1,1,1,1,1,0,1
TRAIN_31900,TRAIN_32902,1,0,1,1,0,1,1,1,1,1
TRAIN_31800,TRAIN_32546,1,1,1,1,1,0,0,1,1,1
TRAIN_28975,TRAIN_20709,1,0,1,1,1,1,1,1,0,1
TRAIN_08132,TRAIN_32727,1,1,0,0,1,1,1,1,1,1
TRAIN_13873,TRAIN_19125,0,0,1,1,1,1,1,1,1,1
TRAIN_24624,TRAIN_13584,1,1,1,0,1,1,1,1,0,1
TRAIN_00528,TRAIN_22077,0,1,1,1,1,1,0,1,1,1
TRAIN_04296,TRAIN_32731,1,1,1,0,1,1,1,0,1,1
TRAIN_14257,TRAIN_21189,1,0,0,1,1,1,1,1,1,1
TRAIN_28638,TRAIN_13368,1,0,1,1,1,1,1,0,1,1
TRAIN_10918,TRAIN_31660,1,1,0,1,1,1,1,1,1,0
TRAIN_31676,TRAIN_31768,1,1,1,1,1,1,0,0,1,1
TRAIN_26618,TRAIN_21717,0,1,1,1,1,1,1,1,0,1
TRAIN_09430,TRAIN_17326,1,1,1,1,1,1,0,1,0,1
TRAIN_04749,TRAIN_09838,1,1,1,1,0,0,1,1,1,1
TRAIN_16678,TRAIN_20517,1,1,1,0,1,1,1,1,1,0
TRAIN_11062,TRAIN_14377,1,1,1,1,1,0,1,1,0,1
TRAIN_08542,TRAIN_19749,1,1,1,1,0,1,1,0,1,1
TRAIN_13681,TRAIN_32962,1,0,1,1,0,1,1,1,1,1
TRAIN_30366,TRAIN_20781,1,0,1,1,1,1,0,1,1,1
TRAIN_12624,TRAIN_16462,1,1,1,0,1,1,1,0,1,1
TRAIN_12311,TRAIN_15073,1,1,1,1,1,0,1,0,1,1
TRAIN_08374,TRAIN_21765,1,1,1,0,1,1,0,1,1,1
TRAIN_09814,TRAIN_18334,1,1,1,1,1,0,1,0,1,1
TRAIN_31674,TRAIN_17902,1,1,1,0,1,1,0,1,1,1
TRAIN_31688,TRAIN_31780,1,1,1,0,1,1,0,1,1,1
TRAIN_32530,TRAIN_32574,1,1,1,1,1,0,1,1,1,0
TRAIN_16486,TRAIN_20925,1,0,1,1,1,1,1,1,0,1
TRAIN_05113,TRAIN_32248,1,1,1,0,1,0,1,1,1,1
TRAIN_29426,TRAIN_32767,1,1,0,1,1,0,1,1,1,1
TRAIN_10054,TRAIN_15289,1,1,1,1,1,0,1,1,1,0
TRAIN_31456,TRAIN_31748,1,0,1,1,1,0,1,1,1,1
TRAIN_03240,TRAIN_14473,1,1,1,1,0,1,1,1,0,1
TRAIN_30342,TRAIN_10966,1,0,1,1,1,1,1,1,1,0
TRAIN_07820,TRAIN_21837,0,1,0,1,1,1,1,1,1,1
TRAIN_26210,TRAIN_22174,0,0,1,1,1,1,1,1,1,1
TRAIN_31908,TRAIN_32444,1,0,0,1,1,1,1,1,1,1
TRAIN_01344,TRAIN_13777,1,1,1,1,1,1,1,1,0,0
TRAIN_32268,TRAIN_32542,1,1,1,1,0,0,1,1,1,1
TRAIN_27314,TRAIN_32803,1,0,1,1,1,1,0,1,1,1
TRAIN_16534,TRAIN_19389,1,1,1,1,1,1,0,1,0,1
TRAIN_31868,TRAIN_32328,1,0,1,1,1,1,1,1,0,1
TRAIN_08132,TRAIN_31602,1,1,1,1,0,1,1,1,1,0
TRAIN_31312,TRAIN_32618,1,1,1,0,1,1,1,1,1,0
TRAIN_24576,TRAIN_21501,1,1,1,1,1,0,1,1,0,1
TRAIN_13440,TRAIN_16034,1,0,1,1,1,1,1,0,1,1
TRAIN_31800,TRAIN_32751,1,1,1,0,1,1,1,1,1,0
TRAIN_02016,TRAIN_18981,1,0,1,1,0,1,1,1,1,1
TRAIN_05572,TRAIN_32702,1,1,0,1,1,0,1,1,1,1
TRAIN_08205,TRAIN_32910,1,0,0,1,1,1,1,1,1,1
TRAIN_13224,TRAIN_18166,0,1,1,1,1,1,1,0,1,1
TRAIN_30174,TRAIN_09502,1,1,1,1,1,0,1,1,0,1
TRAIN_08614,TRAIN_32248,1,1,1,0,1,0,1,1,1,1
TRAIN_32488,TRAIN_32702,1,1,0,1,1,0,1,1,1,1
TRAIN_31660,TRAIN_15794,1,1,0,1,1,0,1,1,1,1
TRAIN_32578,TRAIN_32646,1,1,1,1,1,1,1,0,0,1
TRAIN_28999,TRAIN_17566,1,1,1,1,0,1,1,0,1,1
TRAIN_30751,TRAIN_32654,1,1,1,1,1,0,1,1,1,0
TRAIN_12720,TRAIN_16510,1,1,1,0,1,1,1,1,1,0
TRAIN_11182,TRAIN_32574,1,1,1,0,1,1,1,0,1,1
TRAIN_04488,TRAIN_17974,1,1,1,1,1,0,1,0,1,1
TRAIN_31240,TRAIN_31620,1,1,1,0,1,1,1,1,0,1
TRAIN_29264,TRAIN_14185,0,1,1,0,1,1,1,1,1,1
TRAIN_31888,TRAIN_32020,1,1,1,1,1,1,0,0,1,1
TRAIN_32492,TRAIN_21741,0,1,1,0,1,1,1,1,1,1
TRAIN_31616,TRAIN_15121,1,1,1,1,1,1,1,1,0,0
TRAIN_32004,TRAIN_18885,0,1,1,1,1,1,1,1,1,0
TRAIN_29663,TRAIN_10198,1,1,1,1,0,1,1,1,1,0
TRAIN_30703,TRAIN_17734,0,1,1,1,0,1,1,1,1,1
TRAIN_08518,TRAIN_18142,1,1,1,1,1,1,1,1,0,0
TRAIN_13753,TRAIN_20493,1,1,1,1,0,0,1,1,1,1
TRAIN_30976,TRAIN_31662,1,1,0,1,1,0,1,1,1,1
TRAIN_15914,TRAIN_16894,1,1,0,1,1,1,0,1,1,1
TRAIN_07748,TRAIN_27478,1,1,1,1,1,1,0,0,1,1
TRAIN_32092,TRAIN_32878,1,1,1,0,1,1,1,1,0,1
TRAIN_08012,TRAIN_20157,1,1,0,1,1,1,1,1,1,0
TRAIN_09334,TRAIN_21189,1,1,0,1,1,1,1,1,0,1
TRAIN_31760,TRAIN_19245,1,0,1,1,1,0,1,1,1,1
TRAIN_31264,TRAIN_21237,1,0,0,1,1,1,1,1,1,1
TRAIN_03024,TRAIN_09022,1,1,1,1,1,1,0,1,1,0
TRAIN_06820,TRAIN_10150,1,1,1,0,1,1,0,1,1,1
TRAIN_08156,TRAIN_31676,1,1,0,0,1,1,1,1,1,1
TRAIN_06196,TRAIN_31884,1,1,1,1,1,0,0,1,1,1
TRAIN_30583,TRAIN_20709,1,0,1,1,1,1,1,1,0,1
TRAIN_32280,TRAIN_32500,1,1,1,1,1,1,1,0,1,0
TRAIN_02808,TRAIN_32272,0,1,1,1,1,1,1,1,1,0
TRAIN_31600,TRAIN_32368,1,1,1,1,1,1,0,1,0,1
TRAIN_32164,TRAIN_14473,1,1,1,1,1,1,0,1,0,1
TRAIN_32336,TRAIN_32360,0,0,1,1,1,1,1,1,1,1
TRAIN_23088,TRAIN_22101,1,0,1,1,1,0,1,1,1,1
TRAIN_28446,TRAIN_11327,1,1,1,1,1,1,1,0,1,0
TRAIN_30832,TRAIN_11230,1,0,0,1,1,1,1,1,1,1
TRAIN_13248,TRAIN_31820,1,0,1,1,0,1,1,1,1,1
TRAIN_11255,TRAIN_17686,0,1,1,1,1,1,1,1,1,0
TRAIN_26282,TRAIN_14545,1,1,1,1,1,0,1,1,0,1
TRAIN_28518,TRAIN_29215,1,1,1,1,1,0,1,1,1,0
TRAIN_10750,TRAIN_14545,1,1,1,1,0,1,1,1,0,1
TRAIN_11303,TRAIN_13536,0,1,1,1,1,1,0,1,1,1
TRAIN_28686,TRAIN_19101,1,0,1,0,1,1,1,1,1,1
TRAIN_32866,TRAIN_21309,1,0,1,0,1,1,1,1,1,1
TRAIN_12263,TRAIN_19101,0,1,1,1,1,0,1,1,1,1
TRAIN_32252,TRAIN_15217,1,1,0,1,1,1,1,1,1,0
TRAIN_31192,TRAIN_16199,1,0,1,1,0,1,1,1,1,1
TRAIN_13657,TRAIN_17422,0,1,1,1,1,1,1,1,1,0
TRAIN_10246,TRAIN_31964,1,0,1,0,1,1,1,1,1,1
TRAIN_32120,TRAIN_19269,0,1,1,1,0,1,1,1,1,1
TRAIN_16702,TRAIN_32986,1,0,1,0,1,1,1,1,1,1
TRAIN_08926,TRAIN_15626,1,1,0,1,1,1,1,0,1,1
TRAIN_11999,TRAIN_32966,1,1,1,1,0,0,1,1,1,1
TRAIN_08302,TRAIN_15674,1,1,1,1,1,1,0,1,1,0
TRAIN_18789,TRAIN_32618,1,1,1,1,1,0,1,1,1,0
TRAIN_17350,TRAIN_32606,1,1,1,1,1,1,0,1,1,0
TRAIN_06412,TRAIN_15193,1,1,0,1,1,1,1,0,1,1
TRAIN_31832,TRAIN_32512,1,1,1,1,1,1,0,0,1,1
TRAIN_03312,TRAIN_19725,1,1,1,1,0,0,1,1,1,1
TRAIN_10342,TRAIN_32514,1,1,1,1,0,1,1,1,0,1
TRAIN_10510,TRAIN_14209,1,0,0,1,1,1,1,1,1,1
TRAIN_10774,TRAIN_12960,1,0,1,1,1,1,0,1,1,1
TRAIN_07244,TRAIN_32558,1,1,1,0,1,1,1,1,1,0
TRAIN_11903,TRAIN_17758,0,1,1,1,0,1,1,1,1,1
TRAIN_09286,TRAIN_14569,1,1,1,1,1,0,0,1,1,1
TRAIN_31312,TRAIN_15097,1,1,1,0,1,1,0,1,1,1
TRAIN_15241,TRAIN_32713,1,1,0,1,1,1,1,1,1,0
TRAIN_09478,TRAIN_21669,1,1,1,1,0,0,1,1,1,1
TRAIN_31892,TRAIN_21237,1,0,0,1,1,1,1,1,1,1
TRAIN_05716,TRAIN_06220,1,1,0,1,1,1,1,1,0,1
TRAIN_02184,TRAIN_21045,1,0,1,0,1,1,1,1,1,1
TRAIN_12071,TRAIN_16558,1,1,1,0,1,1,0,1,1,1
TRAIN_05041,TRAIN_32654,1,1,1,1,1,1,1,0,1,0
TRAIN_27478,TRAIN_18525,1,1,1,0,1,1,1,1,0,1
TRAIN_09598,TRAIN_18166,1,1,1,1,1,1,1,0,1,0
TRAIN_31096,TRAIN_09190,1,1,0,1,1,1,1,1,1,0
TRAIN_11375,TRAIN_31796,1,1,1,1,1,1,1,0,0,1
TRAIN_31764,TRAIN_19461,1,1,1,1,1,0,1,1,0,1
TRAIN_28302,TRAIN_31672,1,1,1,0,1,1,1,1,0,1
TRAIN_04464,TRAIN_17878,1,1,1,1,1,1,0,1,0,1
TRAIN_29215,TRAIN_31652,1,1,1,1,1,1,1,0,1,0
TRAIN_26738,TRAIN_31634,1,1,1,1,0,1,1,1,0,1
TRAIN_32156,TRAIN_17806,0,1,1,1,1,1,1,0,1,1
TRAIN_31216,TRAIN_32743,1,1,0,1,1,0,1,1,1,1
TRAIN_04608,TRAIN_09742,1,1,1,1,1,1,0,0,1,1
TRAIN_27218,TRAIN_21117,1,0,1,0,1,1,1,1,1,1
TRAIN_07244,TRAIN_32228,0,1,1,0,1,1,1,1,1,1
TRAIN_10270,TRAIN_32376,1,0,1,0,1,1,1,1,1,1
TRAIN_31072,TRAIN_32500,1,1,1,1,1,1,1,0,0,1
TRAIN_28470,TRAIN_29328,1,1,1,1,0,1,1,0,1,1
TRAIN_05041,TRAIN_21405,1,1,1,1,1,1,0,1,1,0
TRAIN_31828,TRAIN_32172,1,1,1,1,0,1,1,1,0,1
TRAIN_09334,TRAIN_13560,1,1,1,0,1,1,1,1,1,0
TRAIN_32276,TRAIN_17446,0,1,1,1,1,1,1,1,0,1
TRAIN_06484,TRAIN_32783,1,1,1,1,1,1,0,1,0,1
TRAIN_31924,TRAIN_32602,1,1,1,1,0,1,1,0,1,1
TRAIN_03600,TRAIN_32763,1,1,0,1,0,1,1,1,1,1
TRAIN_01824,TRAIN_12816,1,1,0,1,0,1,1,1,1,1
TRAIN_32432,TRAIN_32590,1,1,1,1,1,1,0,0,1,1
TRAIN_28518,TRAIN_16175,1,0,1,1,1,0,1,1,1,1
TRAIN_05161,TRAIN_11975,1,1,1,1,1,1,0,0,1,1
TRAIN_05089,TRAIN_06532,1,1,1,0,1,1,1,1,1,0
TRAIN_06508,TRAIN_17494,0,1,1,1,1,1,1,1,0,1
TRAIN_02808,TRAIN_17446,0,1,1,1,1,0,1,1,1,1
TRAIN_12888,TRAIN_21429,0,1,1,1,1,1,0,1,1,1
TRAIN_25320,TRAIN_18957,1,0,1,1,0,1,1,1,1,1
TRAIN_31676,TRAIN_32783,1,1,1,1,1,1,0,0,1,1
TRAIN_26546,TRAIN_19797,1,1,1,0,1,1,1,1,0,1
TRAIN_32376,TRAIN_14305,1,1,1,1,1,0,1,1,1,0
TRAIN_28566,TRAIN_21885,1,1,0,1,1,1,1,0,1,1
TRAIN_07172,TRAIN_08806,1,1,1,1,1,1,0,1,1,0
TRAIN_10414,TRAIN_13705,1,0,1,1,1,1,1,0,1,1
TRAIN_07748,TRAIN_31652,1,1,0,1,1,1,1,0,1,1
TRAIN_32172,TRAIN_32654,1,1,0,1,1,1,1,1,1,0
TRAIN_28686,TRAIN_19653,1,1,1,1,1,1,0,1,0,1
TRAIN_32514,TRAIN_32698,1,1,1,1,0,1,1,1,1,0
TRAIN_10294,TRAIN_10894,1,0,1,0,1,1,1,1,1,1
TRAIN_32380,TRAIN_32827,1,0,1,1,1,1,1,1,0,1
TRAIN_28566,TRAIN_15145,1,1,0,1,1,1,1,1,0,1
TRAIN_31604,TRAIN_18789,1,1,1,1,1,0,1,1,1,0
TRAIN_12792,TRAIN_15481,1,1,0,1,1,1,0,1,1,1
TRAIN_30150,TRAIN_21213,1,0,1,1,1,1,1,0,1,1
TRAIN_31952,TRAIN_19845,1,1,1,0,1,1,1,0,1,1
TRAIN_25536,TRAIN_31940,1,1,1,0,1,1,1,0,1,1
TRAIN_16558,TRAIN_19293,1,0,1,0,1,1,1,1,1,1
TRAIN_06340,TRAIN_21981,0,1,0,1,1,1,1,1,1,1
TRAIN_15890,TRAIN_16462,1,1,1,0,1,1,1,0,1,1
TRAIN_12167,TRAIN_13248,0,1,1,1,1,1,0,1,1,1
TRAIN_28614,TRAIN_09982,1,0,1,1,1,1,0,1,1,1
TRAIN_12864,TRAIN_14473,1,1,1,1,0,1,1,0,1,1
TRAIN_07748,TRAIN_31674,1,1,0,1,1,1,0,1,1,1
TRAIN_05884,TRAIN_14761,1,1,1,1,1,0,1,0,1,1
TRAIN_30439,TRAIN_09238,1,1,1,0,1,1,1,0,1,1
TRAIN_32124,TRAIN_32530,1,1,1,1,0,0,1,1,1,1
TRAIN_28902,TRAIN_12215,1,1,0,1,1,1,1,1,1,0
TRAIN_27194,TRAIN_21669,0,1,1,1,0,1,1,1,1,1
TRAIN_27050,TRAIN_31702,1,1,0,0,1,1,1,1,1,1
TRAIN_32136,TRAIN_15481,1,1,0,1,1,1,0,1,1,1
TRAIN_29742,TRAIN_14497,1,1,1,1,1,1,1,1,0,0
TRAIN_05332,TRAIN_32526,1,1,1,1,0,1,1,0,1,1
TRAIN_25080,TRAIN_16319,1,0,1,1,1,1,1,0,1,1
TRAIN_32220,TRAIN_32276,0,1,1,1,1,1,1,1,0,1
TRAIN_05884,TRAIN_32582,1,1,1,1,1,0,0,1,1,1
TRAIN_31616,TRAIN_32634,1,1,1,1,1,1,1,1,0,0
TRAIN_16582,TRAIN_18597,1,1,1,0,1,0,1,1,1,1
TRAIN_08398,TRAIN_20829,1,1,1,1,1,0,1,1,0,1
TRAIN_14041,TRAIN_18837,0,0,1,1,1,1,1,1,1,1
TRAIN_11975,TRAIN_32472,0,1,1,0,1,1,1,1,1,1
TRAIN_12816,TRAIN_21909,0,1,0,1,1,1,1,1,1,1
TRAIN_12431,TRAIN_18549,0,1,0,1,1,1,1,1,1,1
TRAIN_30703,TRAIN_15193,1,1,1,1,1,1,0,1,0,1
TRAIN_12600,TRAIN_31880,1,1,0,1,1,1,1,1,1,0
TRAIN_29886,TRAIN_17158,1,1,0,0,1,1,1,1,1,1
TRAIN_29591,TRAIN_20637,1,1,0,1,0,1,1,1,1,1
TRAIN_10174,TRAIN_16654,1,0,1,0,1,1,1,1,1,1
TRAIN_32496,TRAIN_20277,1,1,1,1,1,1,0,0,1,1
TRAIN_28758,TRAIN_32763,1,1,0,0,1,1,1,1,1,1
TRAIN_12239,TRAIN_31748,1,1,1,1,1,0,1,1,0,1
TRAIN_00288,TRAIN_21285,1,0,1,1,0,1,1,1,1,1
TRAIN_02856,TRAIN_16034,1,1,1,1,1,1,0,0,1,1
TRAIN_32132,TRAIN_15794,1,1,0,1,1,1,1,0,1,1
TRAIN_27786,TRAIN_12287,1,1,0,1,1,1,0,1,1,1
TRAIN_31646,TRAIN_16438,1,1,1,1,1,1,1,1,0,0
TRAIN_08060,TRAIN_19989,1,1,1,0,1,1,1,0,1,1
TRAIN_13584,TRAIN_18885,0,0,1,1,1,1,1,1,1,1
TRAIN_15265,TRAIN_32642,1,1,0,1,1,1,1,0,1,1
TRAIN_25754,TRAIN_22101,0,1,1,1,1,0,1,1,1,1
TRAIN_31630,TRAIN_32986,1,1,1,0,1,0,1,1,1,1
TRAIN_27786,TRAIN_16343,1,1,1,1,0,1,1,1,1,0
TRAIN_04440,TRAIN_32906,1,1,1,1,0,0,1,1,1,1
TRAIN_03600,TRAIN_20541,1,1,0,1,1,1,1,1,0,1
TRAIN_30880,TRAIN_14785,1,1,1,1,1,1,1,0,0,1
TRAIN_31832,TRAIN_21741,1,1,1,0,1,1,1,0,1,1
TRAIN_12551,TRAIN_15025,1,1,1,1,0,0,1,1,1,1
TRAIN_25536,TRAIN_32638,1,1,1,1,1,1,0,1,1,0
TRAIN_13969,TRAIN_32910,1,0,0,1,1,1,1,1,1,1
TRAIN_12792,TRAIN_19965,1,1,1,0,1,0,1,1,1,1
TRAIN_01896,TRAIN_32898,1,0,1,0,1,1,1,1,1,1
TRAIN_27478,TRAIN_19485,1,1,1,1,1,1,0,1,1,0
TRAIN_32356,TRAIN_19869,1,1,1,0,1,1,1,1,1,0
TRAIN_08902,TRAIN_18549,1,1,0,1,1,1,1,0,1,1
TRAIN_11423,TRAIN_32428,0,1,1,1,1,1,0,1,1,1
TRAIN_32212,TRAIN_22005,0,1,1,1,1,1,1,1,1,0
TRAIN_07724,TRAIN_32731,1,1,0,1,1,1,0,1,1,1
TRAIN_08374,TRAIN_19605,1,1,1,1,1,1,1,0,0,1
TRAIN_26714,TRAIN_22150,0,0,1,1,1,1,1,1,1,1
TRAIN_05305,TRAIN_32028,1,1,1,1,0,1,1,1,0,1
TRAIN_31836,TRAIN_19869,1,1,1,0,1,1,1,1,1,0
TRAIN_25994,TRAIN_14449,1,1,1,1,0,1,1,0,1,1
TRAIN_32654,TRAIN_21933,1,1,0,1,1,0,1,1,1,1
TRAIN_24600,TRAIN_13200,1,1,1,1,1,1,1,0,1,0
TRAIN_12311,TRAIN_31636,1,1,1,1,1,0,0,1,1,1
TRAIN_06028,TRAIN_11038,1,1,1,0,1,1,1,1,1,0
TRAIN_32036,TRAIN_32858,1,1,1,1,1,1,1,0,0,1
TRAIN_06292,TRAIN_18813,0,1,1,1,1,0,1,1,1,1
TRAIN_16295,TRAIN_32842,1,0,1,1,0,1,1,1,1,1
TRAIN_05908,TRAIN_31756,1,1,1,1,1,1,1,0,0,1
TRAIN_15529,TRAIN_32918,1,1,0,1,1,1,1,1,0,1
TRAIN_31432,TRAIN_32662,1,1,0,1,1,0,1,1,1,1
TRAIN_16822,TRAIN_22005,1,0,1,1,1,1,1,1,1,0
TRAIN_09886,TRAIN_32392,1,0,1,1,0,1,1,1,1,1
TRAIN_29426,TRAIN_21597,0,1,1,1,1,1,1,1,0,1
TRAIN_04897,TRAIN_12431,1,1,1,1,1,1,0,1,0,1
TRAIN_32352,TRAIN_32978,1,0,1,0,1,1,1,1,1,1
TRAIN_32140,TRAIN_19485,1,1,1,1,1,1,0,1,1,0
TRAIN_13969,TRAIN_32650,1,1,0,1,1,0,1,1,1,1
TRAIN_06772,TRAIN_32642,1,1,0,1,1,1,1,0,1,1
TRAIN_31688,TRAIN_21309,1,1,0,0,1,1,1,1,1,1
TRAIN_27810,TRAIN_21093,1,1,1,0,1,1,0,1,1,1
TRAIN_02280,TRAIN_32831,1,1,1,1,0,1,1,0,1,1
TRAIN_00096,TRAIN_21813,0,1,1,0,1,1,1,1,1,1
TRAIN_04512,TRAIN_30765,1,1,1,0,1,1,1,1,0,1
TRAIN_03048,TRAIN_32670,1,1,1,1,1,0,1,0,1,1
TRAIN_32408,TRAIN_21645,0,1,1,1,0,1,1,1,1,1
TRAIN_32184,TRAIN_18933,0,1,1,1,0,1,1,1,1,1
TRAIN_12840,TRAIN_31756,1,1,1,1,0,1,1,1,0,1
TRAIN_08254,TRAIN_10078,1,1,1,1,1,1,1,0,0,1
TRAIN_12215,TRAIN_32795,1,1,1,1,1,0,1,0,1,1
TRAIN_07436,TRAIN_21453,0,1,1,1,1,1,0,1,1,1
TRAIN_08060,TRAIN_32036,0,1,1,1,1,1,1,0,1,1
TRAIN_29958,TRAIN_21237,1,1,0,1,1,1,0,1,1,1
TRAIN_02880,TRAIN_21669,0,1,1,1,1,0,1,1,1,1
TRAIN_30054,TRAIN_19053,0,1,1,0,1,1,1,1,1,1
TRAIN_07060,TRAIN_31702,1,1,1,1,0,1,1,0,1,1
TRAIN_13416,TRAIN_18861,0,0,1,1,1,1,1,1,1,1
TRAIN_11351,TRAIN_31788,1,1,1,1,1,0,1,1,0,1
TRAIN_31710,TRAIN_21645,1,1,1,1,0,1,0,1,1,1
TRAIN_07892,TRAIN_14857,1,1,1,1,1,1,0,0,1,1
TRAIN_02664,TRAIN_18669,0,1,1,1,1,1,1,1,1,0
TRAIN_10030,TRAIN_17302,1,1,1,1,1,1,1,1,0,0
TRAIN_31628,TRAIN_31964,1,1,1,0,1,1,1,0,1,1
TRAIN_28302,TRAIN_19269,1,0,1,1,0,1,1,1,1,1
TRAIN_08398,TRAIN_31848,1,1,1,0,1,0,1,1,1,1
TRAIN_07484,TRAIN_31892,1,0,1,1,0,1,1,1,1,1
TRAIN_32268,TRAIN_20397,1,1,0,1,0,1,1,1,1,1
TRAIN_28014,TRAIN_16295,1,0,1,1,1,1,1,1,0,1
TRAIN_32132,TRAIN_32598,1,1,1,1,1,1,1,0,1,0
TRAIN_15866,TRAIN_17542,1,1,1,1,0,1,1,1,0,1
TRAIN_32344,TRAIN_15890,1,1,1,1,0,1,1,0,1,1
TRAIN_15313,TRAIN_19461,1,1,1,1,1,0,1,1,0,1
TRAIN_10294,TRAIN_15698,1,1,1,0,1,1,0,1,1,1
TRAIN_04104,TRAIN_16366,1,0,1,1,0,1,1,1,1,1
TRAIN_08518,TRAIN_20229,1,1,1,1,1,1,0,1,1,0
TRAIN_32088,TRAIN_32472,0,1,1,0,1,1,1,1,1,1
TRAIN_28662,TRAIN_18837,1,0,1,1,1,1,1,0,1,1
TRAIN_32208,TRAIN_32751,1,1,0,1,0,1,1,1,1,1
TRAIN_31932,TRAIN_32444,1,0,0,1,1,1,1,1,1,1
TRAIN_13633,TRAIN_14689,1,1,1,0,1,1,0,1,1,1
TRAIN_29240,TRAIN_16774,1,1,1,0,0,1,1,1,1,1
TRAIN_32044,TRAIN_19533,1,1,1,1,1,0,0,1,1,1
TRAIN_11399,TRAIN_12792,0,1,1,1,1,1,0,1,1,1
